-- MySQL dump 10.11
--
-- Host: localhost    Database: ullright
-- ------------------------------------------------------
-- Server version	5.0.51a-3ubuntu5.1

/*!40101 SET @OLD_CHARACTER_SET_CLIENT=@@CHARACTER_SET_CLIENT */;
/*!40101 SET @OLD_CHARACTER_SET_RESULTS=@@CHARACTER_SET_RESULTS */;
/*!40101 SET @OLD_COLLATION_CONNECTION=@@COLLATION_CONNECTION */;
/*!40101 SET NAMES utf8 */;
/*!40103 SET @OLD_TIME_ZONE=@@TIME_ZONE */;
/*!40103 SET TIME_ZONE='+00:00' */;
/*!40014 SET @OLD_UNIQUE_CHECKS=@@UNIQUE_CHECKS, UNIQUE_CHECKS=0 */;
/*!40014 SET @OLD_FOREIGN_KEY_CHECKS=@@FOREIGN_KEY_CHECKS, FOREIGN_KEY_CHECKS=0 */;
/*!40101 SET @OLD_SQL_MODE=@@SQL_MODE, SQL_MODE='NO_AUTO_VALUE_ON_ZERO' */;
/*!40111 SET @OLD_SQL_NOTES=@@SQL_NOTES, SQL_NOTES=0 */;

--
-- Dumping data for table `ull_group`
--

LOCK TABLES `ull_group` WRITE;
/*!40000 ALTER TABLE `ull_group` DISABLE KEYS */;
INSERT INTO `ull_group` (`id`, `caption`, `email`, `system`, `creator_user_id`, `created_at`, `updator_user_id`, `updated_at`) VALUES (1,'Master-Administrator',NULL,NULL,1,'2008-03-29 09:23:32',1,'2008-03-29 09:29:57'),(2,'IT-Helpdesk',NULL,NULL,1,'2008-03-29 09:30:09',1,'2008-03-29 09:30:09'),(151,NULL,NULL,1,NULL,'2008-06-09 10:41:35',NULL,'2008-06-09 10:41:35'),(152,NULL,NULL,1,NULL,'2008-06-09 10:41:35',NULL,'2008-06-09 10:41:35'),(156,NULL,NULL,1,NULL,'2008-06-09 11:53:05',NULL,'2008-06-09 11:53:05'),(155,NULL,NULL,1,NULL,'2008-06-09 11:53:05',NULL,'2008-06-09 11:53:05'),(157,NULL,NULL,1,NULL,'2008-06-09 11:53:50',NULL,'2008-06-09 11:53:50'),(158,NULL,NULL,1,NULL,'2008-06-09 11:53:50',NULL,'2008-06-09 11:53:50'),(159,NULL,NULL,1,NULL,'2008-06-09 11:55:12',NULL,'2008-06-09 11:55:12'),(160,NULL,NULL,1,NULL,'2008-06-09 11:55:12',NULL,'2008-06-09 11:55:12'),(161,NULL,NULL,1,NULL,'2008-06-09 11:56:33',NULL,'2008-06-09 11:56:33'),(162,NULL,NULL,1,NULL,'2008-06-09 11:56:33',NULL,'2008-06-09 11:56:33'),(163,NULL,NULL,1,NULL,'2008-06-09 11:57:41',NULL,'2008-06-09 11:57:41'),(164,NULL,NULL,1,NULL,'2008-06-09 11:57:41',NULL,'2008-06-09 11:57:41'),(165,NULL,NULL,1,NULL,'2008-06-09 12:00:05',NULL,'2008-06-09 12:00:05'),(166,NULL,NULL,1,NULL,'2008-06-09 12:00:05',NULL,'2008-06-09 12:00:05'),(167,NULL,NULL,1,NULL,'2008-06-11 10:59:22',NULL,'2008-06-11 10:59:22'),(168,NULL,NULL,1,NULL,'2008-06-11 10:59:23',NULL,'2008-06-11 10:59:23');
/*!40000 ALTER TABLE `ull_group` ENABLE KEYS */;
UNLOCK TABLES;


--
-- Dumping data for table `ull_user`
--

LOCK TABLES `ull_user` WRITE;
/*!40000 ALTER TABLE `ull_user` DISABLE KEYS */;
INSERT INTO `ull_user` (`id`, `first_name`, `last_name`, `email`, `username`, `password`, `location_id`, `user_type`, `birthday`, `creator_user_id`, `created_at`, `updator_user_id`, `updated_at`) VALUES (1,'Master','Admin','admin@example.com','admin','21232f297a57a5a743894a0e4a801fc3',0,NULL,'1977-05-20',1,'2007-09-01 00:00:00',1,'2008-04-01 10:47:02'),(2,'Thomas','Test','test@example.com','test','098f6bcd4621d373cade4e832627b4f6',0,2,'1977-03-24',1,'2007-09-03 08:58:07',1,'2008-04-01 10:48:12');
/*!40000 ALTER TABLE `ull_user` ENABLE KEYS */;
UNLOCK TABLES;

--
-- Dumping data for table `ull_user_group`
--

LOCK TABLES `ull_user_group` WRITE;
/*!40000 ALTER TABLE `ull_user_group` DISABLE KEYS */;
INSERT INTO `ull_user_group` (`id`, `user_id`, `group_id`, `creator_user_id`, `created_at`, `updator_user_id`, `updated_at`) VALUES (1,1,1,1,'2007-09-01 00:00:00',1,'2008-04-01 14:14:21'),(2,2,2,1,'2008-04-01 14:15:32',1,'2008-04-01 14:15:32'),(78,1,151,NULL,'2008-06-09 12:13:28',NULL,'2008-06-09 12:13:28'),(79,1,152,NULL,'2008-06-09 12:13:28',NULL,'2008-06-09 12:13:28'),(53,1,156,NULL,'2008-06-09 12:02:33',NULL,'2008-06-09 12:02:33'),(52,2,156,NULL,'2008-06-09 12:02:33',NULL,'2008-06-09 12:02:33'),(51,1,155,NULL,'2008-06-09 12:02:33',NULL,'2008-06-09 12:02:33'),(50,2,155,NULL,'2008-06-09 12:02:33',NULL,'2008-06-09 12:02:33'),(17,1,2,1,'2008-06-09 11:50:25',1,'2008-06-09 11:50:25'),(26,2,157,NULL,'2008-06-09 11:53:50',NULL,'2008-06-09 11:53:50'),(27,1,157,NULL,'2008-06-09 11:53:50',NULL,'2008-06-09 11:53:50'),(28,2,158,NULL,'2008-06-09 11:53:50',NULL,'2008-06-09 11:53:50'),(29,1,158,NULL,'2008-06-09 11:53:50',NULL,'2008-06-09 11:53:50'),(75,1,159,NULL,'2008-06-09 12:08:06',NULL,'2008-06-09 12:08:06'),(74,2,159,NULL,'2008-06-09 12:08:06',NULL,'2008-06-09 12:08:06'),(77,1,160,NULL,'2008-06-09 12:08:06',NULL,'2008-06-09 12:08:06'),(76,2,160,NULL,'2008-06-09 12:08:06',NULL,'2008-06-09 12:08:06'),(34,2,161,NULL,'2008-06-09 11:56:33',NULL,'2008-06-09 11:56:33'),(35,1,161,NULL,'2008-06-09 11:56:33',NULL,'2008-06-09 11:56:33'),(36,2,162,NULL,'2008-06-09 11:56:33',NULL,'2008-06-09 11:56:33'),(37,1,162,NULL,'2008-06-09 11:56:33',NULL,'2008-06-09 11:56:33'),(55,1,163,NULL,'2008-06-09 12:02:59',NULL,'2008-06-09 12:02:59'),(54,2,163,NULL,'2008-06-09 12:02:59',NULL,'2008-06-09 12:02:59'),(57,1,164,NULL,'2008-06-09 12:02:59',NULL,'2008-06-09 12:02:59'),(56,2,164,NULL,'2008-06-09 12:02:59',NULL,'2008-06-09 12:02:59'),(59,2,165,NULL,'2008-06-09 12:03:34',NULL,'2008-06-09 12:03:34'),(61,2,166,NULL,'2008-06-09 12:03:34',NULL,'2008-06-09 12:03:34'),(58,1,165,NULL,'2008-06-09 12:03:34',NULL,'2008-06-09 12:03:34'),(60,1,166,NULL,'2008-06-09 12:03:34',NULL,'2008-06-09 12:03:34'),(80,2,167,NULL,'2008-06-11 10:59:23',NULL,'2008-06-11 10:59:23'),(81,1,167,NULL,'2008-06-11 10:59:23',NULL,'2008-06-11 10:59:23'),(82,2,168,NULL,'2008-06-11 10:59:23',NULL,'2008-06-11 10:59:23'),(83,1,168,NULL,'2008-06-11 10:59:23',NULL,'2008-06-11 10:59:23');
/*!40000 ALTER TABLE `ull_user_group` ENABLE KEYS */;
UNLOCK TABLES;


/*!40101 SET SQL_MODE=@OLD_SQL_MODE */;
/*!40014 SET FOREIGN_KEY_CHECKS=@OLD_FOREIGN_KEY_CHECKS */;
/*!40014 SET UNIQUE_CHECKS=@OLD_UNIQUE_CHECKS */;
/*!40101 SET CHARACTER_SET_CLIENT=@OLD_CHARACTER_SET_CLIENT */;
/*!40101 SET CHARACTER_SET_RESULTS=@OLD_CHARACTER_SET_RESULTS */;
/*!40101 SET COLLATION_CONNECTION=@OLD_COLLATION_CONNECTION */;
/*!40111 SET SQL_NOTES=@OLD_SQL_NOTES */;

-- Dump completed on 2008-08-12 13:51:32
